,Ticker,Company,GICS Sector,GICS Sub Industries
0,AMD,AMD,Information Technology,Semiconductors
1,ED,Con Edison,Utilities,Electric Utilities
2,GLW,Corning,Information Technology,Electronic Components
3,DHR,Danaher,Health Care,Health Care Equipment
4,DRI,Darden Restaurants,Consumer Discretionary,Restaurants
5,D,Dominion Energy,Utilities,Electric Utilities
6,ETN,Eaton,Industrials,Electrical Components & Equipment
7,ES,Eversource Energy,Utilities,Multi-Utilities
8,FITB,Fifth Third Bancorp,Financials,Regional Banks
9,FE,FirstEnergy,Utilities,Electric Utilities
10,BEN,Franklin Resources,Financials,Asset Management & Custody Banks
11,FCX,Freeport-McMoRan,Materials,Copper
12,GE,General Electric,Industrials,Industrial Conglomerates
13,HUM,Humana,Health Care,Managed Health Care
14,HBAN,Huntington Bancshares,Financials,Regional Banks
15,KLAC,KLA Corporation,Information Technology,Semiconductor Equipment
16,L,Loews Corporation,Financials,Multi-line Insurance
17,MAR,Marriott International,Consumer Discretionary,"Hotels, Resorts & Cruise Lines"
18,MCK,McKesson Corporation,Health Care,Health Care Distributors
19,MET,MetLife,Financials,Life & Health Insurance
20,MCO,Moody's,Financials,Financial Exchanges & Data
21,MS,Morgan Stanley,Financials,Investment Banking & Brokerage
22,MSI,Motorola Solutions,Information Technology,Communications Equipment
23,NI,NiSource,Utilities,Multi-Utilities
24,NTRS,Northern Trust,Financials,Asset Management & Custody Banks
25,OMC,Omnicom Group,Communication Services,Advertising
26,PAYX,Paychex,Information Technology,Data Processing & Outsourced Services
27,PNW,Pinnacle West Capital,Utilities,Multi-Utilities
28,PPL,PPL,Utilities,Electric Utilities
29,QCOM,Qualcomm,Information Technology,Semiconductors
30,RTX,Raytheon Technologies,Industrials,Aerospace & Defense
31,ROK,Rockwell Automation,Industrials,Electrical Components & Equipment
32,SPGI,S&P Global,Financials,Financial Exchanges & Data
33,SRE,Sempra Energy,Utilities,Multi-Utilities
34,SBUX,Starbucks,Consumer Discretionary,Restaurants
35,STT,State Street Corporation,Financials,Asset Management & Custody Banks
36,TROW,T. Rowe Price,Financials,Asset Management & Custody Banks
37,TPR,Tapestry,Consumer Discretionary,"Apparel, Accessories & Luxury Goods"
38,TXN,Texas Instruments,Information Technology,Semiconductors
39,USB,U.S. Bancorp,Financials,Diversified Banks
40,VLO,Valero Energy,Energy,Oil & Gas Refining & Marketing
41,VIAC,ViacomCBS,Communication Services,Movies & Entertainment
42,VNO,Vornado Realty Trust,Real Estate,Office REITs
43,WM,Waste Management,Industrials,Environmental & Facilities Services
44,WAT,Waters Corporation,Health Care,Health Care Distributors
45,WRK,WestRock,Materials,Paper Packaging
46,WY,Weyerhaeuser,Real Estate,Specialized REITs
47,WHR,Whirlpool Corporation,Consumer Discretionary,Household Appliances
48,MO,Altria,Consumer Staples,Tobacco
49,AEP,American Electric Power,Utilities,Electric Utilities
50,BA,Boeing,Industrials,Aerospace & Defense
51,BMY,Bristol Myers Squibb,Health Care,Health Care Distributors
52,CPB,Campbell Soup,Consumer Staples,Packaged Foods & Meats
53,CAT,Caterpillar,Industrials,Construction Machinery & Heavy Trucks
54,CVX,Chevron,Energy,Integrated Oil & Gas
55,KO,Coca-Cola,Consumer Staples,Soft Drinks
56,CL,Colgate-Palmolive,Consumer Staples,Household Products
57,COP,ConocoPhillips,Energy,Oil & Gas Exploration & Production
58,CVS,CVS Health,Health Care,Health Care Services
59,DE,Deere & Co.,Industrials,Agricultural & Farm Machinery
60,DTE,DTE Energy,Utilities,Multi-Utilities
61,EIX,Edison International,Utilities,Electric Utilities
62,ETR,Entergy,Utilities,Electric Utilities
63,EXC,Exelon,Utilities,Multi-Utilities
64,XOM,ExxonMobil,Energy,Integrated Oil & Gas
65,F,Ford,Consumer Discretionary,Automobile Manufacturers
66,GD,General Dynamics,Industrials,Aerospace & Defense
67,HAL,Halliburton,Energy,Oil & Gas Equipment & Services
68,HIG,The Hartford,Financials,Property & Casualty Insurance
69,HSY,The Hershey Company,Consumer Staples,Packaged Foods & Meats
70,IBM,IBM,Information Technology,IT Consulting & Other Services
71,IP,International Paper,Materials,Paper Packaging
72,KMB,Kimberly-Clark,Consumer Staples,Household Products
73,KR,Kroger,Consumer Staples,Food Retail
74,MRK,Merck,Health Care,Pharmaceuticals
75,NSC,Norfolk Southern,Industrials,Railroads
76,PEP,PepsiCo,Consumer Staples,Soft Drinks
77,PFE,Pfizer,Health Care,Pharmaceuticals
78,PPG,PPG Industries,Materials,Specialty Chemicals
79,PG,Procter & Gamble,Consumer Staples,Personal Products
80,PEG,PSEG,Utilities,Electric Utilities
81,SEE,Sealed Air,Materials,Paper Packaging
82,SO,Southern Company,Utilities,Electric Utilities
83,UNP,Union Pacific,Industrials,Railroads
84,XEL,Xcel Energy,Utilities,Multi-Utilities
85,ABT,Abbott,Health Care,Health Care Equipment
86,HON,Honeywell,Industrials,Industrial Conglomerates
87,HWM,Howmet Aerospace,Industrials,Aerospace & Defense
88,SHW,Sherwin-Williams,Materials,Specialty Chemicals
89,CMI,Cummins,Industrials,Industrial Machinery
90,EMR,Emerson,Industrials,Electrical Components & Equipment
91,SLB,Schlumberger,Energy,Oil & Gas Equipment & Services
92,CSX,CSX,Industrials,Railroads
93,CLX,Clorox,Consumer Staples,Household Products
94,GIS,General Mills,Consumer Staples,Packaged Foods & Meats
95,NEM,Newmont,Materials,Gold
96,MCD,McDonald's,Consumer Discretionary,Restaurants
97,LLY,Eli Lilly,Health Care,Pharmaceuticals
98,BAX,Baxter International,Health Care,Health Care Equipment
99,BDX,Becton Dickinson,Health Care,Health Care Equipment
100,JNJ,Johnson & Johnson,Health Care,Pharmaceuticals
101,GPC,Genuine Parts,Consumer Discretionary,Specialty Stores
102,HPQ,HP,Information Technology,"Technology Hardware, Storage & Peripherals"
103,WMB,Williams Companies,Energy,Oil & Gas Storage & Transportation
104,JPM,JPMorgan Chase,Financials,Diversified Banks
105,IFF,International Flavors & Fragrances,Materials,Specialty Chemicals
106,AXP,American Express,Financials,Consumer Finance
107,BAC,Bank of America,Financials,Diversified Banks
108,CI,Cigna,Health Care,Managed Health Care
109,DUK,Duke Energy,Utilities,Electric Utilities
110,LNC,Lincoln National,Financials,Multi-line Insurance
111,TAP,Molson Coors,Consumer Staples,Brewers
112,NEE,NextEra Energy,Utilities,Multi-Utilities
113,DIS,The Walt Disney Company,Communication Services,Movies & Entertainment
114,WFC,Wells Fargo,Financials,Diversified Banks
115,MMM,3M,Industrials,Industrial Conglomerates
116,INTC,Intel,Information Technology,Semiconductors
117,TGT,Target,Consumer Discretionary,General Merchandise Stores
118,TXT,Textron,Industrials,Aerospace & Defense
119,VFC,VF Corporation,Consumer Discretionary,"Apparel, Accessories & Luxury Goods"
120,WBA,Walgreens Boots Alliance,Consumer Staples,Drug Retail
121,AIG,AIG,Financials,Property & Casualty Insurance
122,FDX,FedEx,Industrials,Air Freight & Logistics
123,PCAR,Paccar,Industrials,Construction Machinery & Heavy Trucks
124,ADP,Automatic Data Processing,Information Technology,Data Processing & Outsourced Services
125,GWW,W. W. Grainger,Industrials,Industrial Machinery
126,MAS,Masco,Industrials,Building Products
127,ADM,ADM,Consumer Staples,Agricultural Products
128,WMT,Walmart,Consumer Staples,Hypermarkets & Super Centers
129,SNA,Snap-on,Industrials,Industrial Machinery
130,SWK,Stanley Black & Decker,Industrials,Industrial Machinery
131,BF.B,Brown–Forman,Consumer Staples,Distillers & Vintners
132,AAPL,Apple,Information Technology,"Technology Hardware, Storage & Peripherals"
133,OXY,Occidental Petroleum,Energy,Oil & Gas Exploration & Production
134,CAG,Conagra Brands,Consumer Staples,Packaged Foods & Meats
135,BBWI,Bath & Body Works,Consumer Discretionary,Specialty Stores
136,T,AT&T,Communication Services,Integrated Telecommunication Services
137,VZ,Verizon Communications,Communication Services,Integrated Telecommunication Services
138,LOW,Lowe's,Consumer Discretionary,Home Improvement Retail
139,PHM,PulteGroup,Consumer Discretionary,Homebuilding
140,HES,Hess Corporation,Energy,Integrated Oil & Gas
141,LMT,Lockheed Martin,Industrials,Aerospace & Defense
142,HAS,Hasbro,Consumer Discretionary,Leisure Products
143,BLL,Ball,Materials,Metal & Glass Containers
144,APD,Air Products,Materials,Industrial Gases
145,NUE,Nucor,Materials,Steel
146,PKI,PerkinElmer,Health Care,Health Care Equipment
147,NOC,Northrop Grumman,Industrials,Aerospace & Defense
148,CNP,CenterPoint Energy,Utilities,Multi-Utilities
149,TJX,TJX Companies,Consumer Discretionary,Apparel Retail
150,DOV,Dover Corporation,Industrials,Industrial Machinery
151,PH,Parker-Hannifin,Industrials,Industrial Machinery
152,ITW,Illinois Tool Works,Industrials,Industrial Machinery
153,GPS,Gap,Consumer Discretionary,Apparel Retail
154,MDT,Medtronic,Health Care,Health Care Equipment
155,SYY,Sysco,Consumer Staples,Food Distributors
156,MMC,Marsh & McLennan,Financials,Insurance Brokers
157,AVY,Avery Dennison,Materials,Paper Packaging
158,HD,Home Depot,Consumer Discretionary,Home Improvement Retail
159,PNC,PNC Financial Services,Financials,Regional Banks
160,C,Citigroup,Financials,Diversified Banks
161,NKE,Nike,Consumer Discretionary,"Apparel, Accessories & Luxury Goods"
162,ECL,Ecolab,Materials,Specialty Chemicals
163,GL,Globe Life,Financials,Life & Health Insurance
164,NWL,Newell Brands,Consumer Discretionary,Housewares & Specialties
165,ORCL,Oracle,Information Technology,Application Software
166,K,Kellogg's,Consumer Staples,Packaged Foods & Meats
167,ADSK,Autodesk,Information Technology,Application Software
168,MRO,Marathon Oil,Energy,Oil & Gas Exploration & Production
169,AEE,Ameren,Utilities,Multi-Utilities
170,AMGN,Amgen,Health Care,Biotechnology
171,LIN,Linde,Materials,Industrial Gases
172,IPG,Interpublic Group,Communication Services,Advertising
173,COST,Costco,Consumer Staples,Hypermarkets & Super Centers
174,CSCO,Cisco,Information Technology,Communications Equipment
175,EMN,Eastman Chemical,Materials,Diversified Chemicals
176,KEY,KeyCorp,Financials,Regional Banks
177,MSFT,Microsoft,Information Technology,Systems Software
178,LUV,Southwest Airlines,Industrials,Airlines
179,UNH,UnitedHealth Group,Health Care,Managed Health Care
180,MU,Micron Technology,Information Technology,Semiconductors
181,BSX,Boston Scientific,Health Care,Health Care Equipment
182,AMAT,Applied Materials,Information Technology,Semiconductor Equipment
183,BK,BNY Mellon,Financials,Asset Management & Custody Banks
184,ALL,Allstate,Financials,Property & Casualty Insurance
185,CMA,Comerica,Financials,Diversified Banks
186,AON,Aon,Financials,Insurance Brokers
187,AZO,AutoZone,Consumer Discretionary,Specialty Stores
188,ADBE,Adobe,Information Technology,Application Software
189,CAH,Cardinal Health,Health Care,Health Care Distributors
190,SCHW,Charles Schwab,Financials,Investment Banking & Brokerage
191,EFX,Equifax,Industrials,Research & Consulting Services
192,APA,APA Corporation,Energy,Oil & Gas Exploration & Production
193,PGR,Progressive Corporation,Financials,Property & Casualty Insurance
194,YUM,Yum! Brands,Consumer Discretionary,Restaurants
195,TFC,Truist Financial,Financials,Regional Banks
196,CINF,Cincinnati Financial,Financials,Property & Casualty Insurance
197,COF,Capital One,Financials,Consumer Finance
198,RF,Regions Financial Corporation,Financials,Regional Banks
199,AES,AES,Utilities,Independent Power Producers & Energy Traders
200,CCL,Carnival Corporation,Consumer Discretionary,"Hotels, Resorts & Cruise Lines"
201,LUMN,Lumen Technologies,Communication Services,Alternative Carriers
202,CMS,CMS Energy,Utilities,Multi-Utilities
203,AFL,Aflac,Financials,Life & Health Insurance
204,NTAP,NetApp,Information Technology,"Technology Hardware, Storage & Peripherals"
205,BBY,Best Buy,Consumer Discretionary,Computer & Electronics Retail
206,VMC,Vulcan Materials,Materials,Construction Materials
207,ADI,Analog Devices,Information Technology,Semiconductors
208,XLNX,Xilinx,Information Technology,Semiconductors
209,CTXS,Citrix,Information Technology,Application Software
210,A,Agilent Technologies,Health Care,Health Care Equipment
211,DVN,Devon Energy,Energy,Oil & Gas Exploration & Production
212,EOG,EOG Resources,Energy,Oil & Gas Exploration & Production
213,INTU,Intuit,Information Technology,Application Software
214,RHI,Robert Half International,Industrials,Human Resource & Employment Services
215,SYK,Stryker Corporation,Health Care,Health Care Equipment
216,CTAS,Cintas,Industrials,Diversified Support Services
217,FISV,Fiserv,Information Technology,Data Processing & Outsourced Services
218,ZION,Zions Bancorp,Financials,Regional Banks
219,ZBH,Zimmer Biomet,Health Care,Health Care Equipment
220,ABC,AmerisourceBergen,Health Care,Health Care Distributors
221,NVDA,Nvidia,Information Technology,Semiconductors
222,EQR,Equity Residential,Real Estate,Residential REITs
223,SPG,Simon Property Group,Real Estate,Retail REITs
224,EBAY,eBay,Consumer Discretionary,Internet & Direct Marketing Retail
225,EA,Electronic Arts,Communication Services,Interactive Home Entertainment
226,GS,Goldman Sachs,Financials,Investment Banking & Brokerage
227,PFG,Principal Financial Group,Financials,Life & Health Insurance
228,PRU,Prudential Financial,Financials,Life & Health Insurance
229,UPS,United Parcel Service,Industrials,Air Freight & Logistics
230,ANTM,Anthem,Health Care,Managed Health Care
231,TRV,The Travelers Companies,Financials,Property & Casualty Insurance
232,CMCSA,Comcast,Communication Services,Cable & Satellite
233,DGX,Quest Diagnostics,Health Care,Health Care Services
234,MKC,McCormick & Company,Consumer Staples,Packaged Foods & Meats
235,NLOK,NortonLifeLock,Information Technology,Application Software
236,PLD,Prologis,Real Estate,Industrial REITs
237,BIIB,Biogen,Health Care,Biotechnology
238,MTB,M&T Bank,Financials,Regional Banks
239,VTRS,Viatris,Health Care,Pharmaceuticals
240,GILD,Gilead Sciences,Health Care,Biotechnology
241,TMO,Thermo Fisher Scientific,Health Care,Life Sciences Tools & Services
242,LH,LabCorp,Health Care,Health Care Services
243,DHI,D. R. Horton,Consumer Discretionary,Homebuilding
244,STZ,Constellation Brands,Consumer Staples,Distillers & Vintners
245,TSN,Tyson Foods,Consumer Staples,Packaged Foods & Meats
246,PSA,Public Storage,Real Estate,Specialized REITs
247,AMP,Ameriprise Financial,Financials,Asset Management & Custody Banks
248,LEN,Lennar,Consumer Discretionary,Homebuilding
249,AMZN,Amazon,Consumer Discretionary,Internet & Direct Marketing Retail
250,EL,Estée Lauder Companies,Consumer Staples,Personal Products
251,VRSN,Verisign,Information Technology,Internet Services & Infrastructure
252,GOOG,Alphabet (Class C),Communication Services,Interactive Media & Services
253,BXP,Boston Properties,Real Estate,Office REITs
254,KIM,Kimco Realty,Real Estate,Retail REITs
255,JNPR,Juniper Networks,Information Technology,Communications Equipment
256,CME,CME Group,Financials,Financial Exchanges & Data
257,CBRE,CBRE,Real Estate,Real Estate Services
258,FIS,Fidelity National Information Services,Information Technology,Data Processing & Outsourced Services
259,CTSH,Cognizant Technology Solutions,Information Technology,IT Consulting & Other Services
260,AVB,AvalonBay Communities,Real Estate,Residential REITs
261,RL,Ralph Lauren Corporation,Consumer Discretionary,"Apparel, Accessories & Luxury Goods"
262,CHRW,C. H. Robinson,Industrials,Air Freight & Logistics
263,HST,Host Hotels & Resorts,Real Estate,Hotel & Resort REITs
264,AIZ,Assurant,Financials,Multi-line Insurance
265,DFS,Discover Financial Services,Financials,Consumer Finance
266,AKAM,Akamai,Information Technology,Internet Services & Infrastructure
267,MCHP,Microchip Technology,Information Technology,Semiconductors
268,ICE,Intercontinental Exchange,Financials,Financial Exchanges & Data
269,EXPE,Expedia Group,Consumer Discretionary,Internet & Direct Marketing Retail
270,EXPD,Expeditors,Industrials,Air Freight & Logistics
271,J,Jacobs Engineering Group,Industrials,Construction & Engineering
272,AMT,American Tower,Real Estate,Specialized REITs
273,PEAK,Healthpeak Properties,Real Estate,Health Care REITs
274,PM,Philip Morris International,Consumer Staples,Tobacco
275,ISRG,Intuitive Surgical,Health Care,Health Care Equipment
276,CTRA,Coterra,Energy,Oil & Gas Exploration & Production
277,MA,Mastercard,Information Technology,Data Processing & Outsourced Services
278,DVA,DaVita,Health Care,Health Care Facilities
279,IVZ,Invesco,Financials,Asset Management & Custody Banks
280,CF,CF Industries,Materials,Fertilizers & Agricultural Chemicals
281,FAST,Fastenal,Industrials,Building Products
282,CRM,Salesforce,Information Technology,Application Software
283,LHX,L3Harris Technologies,Industrials,Aerospace & Defense
284,PXD,Pioneer Natural Resources,Energy,Oil & Gas Exploration & Production
285,APH,Amphenol,Information Technology,Electronic Components
286,NDAQ,Nasdaq,Financials,Financial Exchanges & Data
287,WEC,WEC Energy Group,Utilities,Electric Utilities
288,SJM,JM Smucker,Consumer Staples,Packaged Foods & Meats
289,PBCT,People's United Financial,Financials,Thrifts & Mortgage Finance
290,XRAY,Dentsply Sirona,Health Care,Health Care Supplies
291,WYNN,Wynn Resorts,Consumer Discretionary,Casinos & Gaming
292,RSG,Republic Services,Industrials,Environmental & Facilities Services
293,IRM,Iron Mountain,Real Estate,Specialized REITs
294,WELL,Welltower,Real Estate,Health Care REITs
295,HRL,Hormel,Consumer Staples,Packaged Foods & Meats
296,VTR,Ventas,Real Estate,Health Care REITs
297,ORLY,O'Reilly Automotive,Consumer Discretionary,Specialty Stores
298,PWR,Quanta Services,Industrials,Construction & Engineering
299,WDC,Western Digital,Information Technology,"Technology Hardware, Storage & Peripherals"
300,FMC,FMC Corporation,Materials,Fertilizers & Agricultural Chemicals
301,BKNG,Booking Holdings,Consumer Discretionary,Internet & Direct Marketing Retail
302,ROST,Ross Stores,Consumer Discretionary,Apparel Retail
303,V,Visa,Information Technology,Data Processing & Outsourced Services
304,ROP,Roper Technologies,Industrials,Industrial Conglomerates
305,NRG,NRG Energy,Utilities,Independent Power Producers & Energy Traders
306,BRK.B,Berkshire Hathaway,Financials,Multi-Sector Holdings
307,DISCA,Discovery (Series A),Communication Services,Broadcasting
308,OKE,Oneok,Energy,Oil & Gas Storage & Transportation
309,CERN,Cerner,Health Care,Health Care Technology
310,KMX,CarMax,Consumer Discretionary,Specialty Stores
311,CB,Chubb,Financials,Property & Casualty Insurance
312,JCI,Johnson Controls,Industrials,Building Products
313,TT,Trane Technologies,Industrials,Building Products
314,FFIV,F5,Information Technology,Communications Equipment
315,NFLX,Netflix,Communication Services,Movies & Entertainment
316,EW,Edwards Lifesciences,Health Care,Health Care Equipment
317,BLK,BlackRock,Financials,Asset Management & Custody Banks
318,CMG,Chipotle Mexican Grill,Consumer Discretionary,Restaurants
319,MPC,Marathon Petroleum,Energy,Oil & Gas Refining & Marketing
320,ACN,Accenture,Information Technology,IT Consulting & Other Services
321,MOS,The Mosaic Company,Materials,Fertilizers & Agricultural Chemicals
322,TEL,TE Connectivity,Information Technology,Electronic Manufacturing Services
323,XYL,Xylem,Industrials,Industrial Machinery
324,BWA,BorgWarner,Consumer Discretionary,Auto Parts & Equipment
325,DLTR,Dollar Tree,Consumer Discretionary,General Merchandise Stores
326,CCI,Crown Castle,Real Estate,Specialized REITs
327,PSX,Phillips 66,Energy,Oil & Gas Refining & Marketing
328,KMI,Kinder Morgan,Energy,Oil & Gas Storage & Transportation
329,MNST,Monster Beverage,Consumer Staples,Soft Drinks
330,LRCX,Lam Research,Information Technology,Semiconductor Equipment
331,STX,Seagate Technology,Information Technology,"Technology Hardware, Storage & Peripherals"
332,LYB,LyondellBasell,Materials,Specialty Chemicals
333,PNR,Pentair,Industrials,Industrial Machinery
334,MDLZ,Mondelez International,Consumer Staples,Packaged Foods & Meats
335,DG,Dollar General,Consumer Discretionary,General Merchandise Stores
336,GRMN,Garmin,Consumer Discretionary,Consumer Electronics
337,APTV,Aptiv,Consumer Discretionary,Auto Parts & Equipment
338,ABBV,AbbVie,Health Care,Pharmaceuticals
339,PVH,PVH,Consumer Discretionary,"Apparel, Accessories & Luxury Goods"
340,REGN,Regeneron Pharmaceuticals,Health Care,Biotechnology
341,GM,General Motors,Consumer Discretionary,Automobile Manufacturers
342,ZTS,Zoetis,Health Care,Pharmaceuticals
343,FOXA,Fox Corporation (Class A),Communication Services,Movies & Entertainment
344,NLSN,Nielsen Holdings,Industrials,Research & Consulting Services
345,NWSA,News Corp (Class A),Communication Services,Publishing
346,DAL,Delta Air Lines,Industrials,Airlines
347,AME,Ametek,Industrials,Electrical Components & Equipment
348,VRTX,Vertex Pharmaceuticals,Health Care,Biotechnology
349,ALLE,Allegion,Industrials,Building Products
350,FB,Meta Platforms,Communication Services,Interactive Media & Services
351,MHK,Mohawk Industries,Consumer Discretionary,Home Furnishings
352,TSCO,Tractor Supply Company,Consumer Discretionary,Specialty Stores
353,ESS,Essex Property Trust,Real Estate,Residential REITs
354,GOOGL,Alphabet (Class A),Communication Services,Interactive Media & Services
355,UAA,Under Armour (Class A),Consumer Discretionary,"Apparel, Accessories & Luxury Goods"
356,AVGO,Broadcom,Information Technology,Semiconductors
357,MLM,Martin Marietta Materials,Materials,Construction Materials
358,DISCK,Discovery (Series C),Communication Services,Broadcasting
359,URI,United Rentals,Industrials,Trading Companies & Distributors
360,UHS,Universal Health Services,Health Care,Health Care Facilities
361,RCL,Royal Caribbean Group,Consumer Discretionary,"Hotels, Resorts & Cruise Lines"
362,HCA,HCA Healthcare,Health Care,Health Care Facilities
363,SWKS,Skyworks Solutions,Information Technology,Semiconductors
364,HSIC,Henry Schein,Health Care,Health Care Distributors
365,EQIX,Equinix,Real Estate,Specialized REITs
366,AAL,American Airlines Group,Industrials,Airlines
367,O,Realty Income Corporation,Real Estate,Retail REITs
368,QRVO,Qorvo,Information Technology,Semiconductors
369,JBHT,J. B. Hunt,Industrials,Trucking
370,KHC,Kraft Heinz,Consumer Staples,Packaged Foods & Meats
371,AAP,Advance Auto Parts,Consumer Discretionary,Automotive Retail
372,PYPL,PayPal,Information Technology,Data Processing & Outsourced Services
373,ATVI,Activision Blizzard,Communication Services,Interactive Home Entertainment
374,UAL,United Airlines,Industrials,Airlines
375,FOX,Fox Corporation (Class B),Communication Services,Movies & Entertainment
376,NWS,News Corp (Class B),Communication Services,Publishing
377,VRSK,Verisk Analytics,Industrials,Research & Consulting Services
378,HPE,Hewlett Packard Enterprise,Information Technology,"Technology Hardware, Storage & Peripherals"
379,SYF,Synchrony Financial,Financials,Consumer Finance
380,ILMN,Illumina,Health Care,Life Sciences Tools & Services
381,CHD,Church & Dwight,Consumer Staples,Household Products
382,WTW,Willis Towers Watson,Financials,Insurance Brokers
383,EXR,Extra Space Storage,Real Estate,Specialized REITs
384,CFG,Citizens Financial Group,Financials,Regional Banks
385,FRT,Federal Realty Investment Trust,Real Estate,Retail REITs
386,AWK,American Water,Utilities,Water Utilities
387,UDR,UDR,Real Estate,Residential REITs
388,CNC,Centene,Health Care,Managed Health Care
389,HOLX,Hologic,Health Care,Health Care Equipment
390,UA,Under Armour (Class C),Consumer Discretionary,"Apparel, Accessories & Luxury Goods"
391,ULTA,Ulta Beauty,Consumer Discretionary,Specialty Stores
392,GPN,Global Payments,Information Technology,Data Processing & Outsourced Services
393,ALK,Alaska Air Group,Industrials,Airlines
394,DLR,Digital Realty,Real Estate,Specialized REITs
395,LKQ,LKQ Corporation,Consumer Discretionary,Distributors
396,AJG,Arthur J. Gallagher & Co.,Financials,Insurance Brokers
397,TDG,TransDigm Group,Industrials,Aerospace & Defense
398,FBHS,Fortune Brands,Industrials,Building Products
399,ALB,Albemarle,Materials,Specialty Chemicals
400,LNT,Alliant Energy,Utilities,Electric Utilities
401,FTV,Fortive,Industrials,Industrial Machinery
402,MTD,Mettler Toledo,Health Care,Life Sciences Tools & Services
403,CHTR,Charter Communications,Communication Services,Cable & Satellite
404,COO,CooperCompanies,Health Care,Health Care Supplies
405,MAA,Mid-America Apartments,Real Estate,Residential REITs
406,IDXX,Idexx Laboratories,Health Care,Health Care Equipment
407,INCY,Incyte,Health Care,Biotechnology
408,CBOE,Cboe Global Markets,Financials,Financial Exchanges & Data
409,REG,Regency Centers,Real Estate,Retail REITs
410,DISH,Dish Network,Communication Services,Cable & Satellite
411,SNPS,Synopsys,Information Technology,Application Software
412,ARE,Alexandria Real Estate Equities,Real Estate,Office REITs
413,RJF,Raymond James Financial,Financials,Investment Banking & Brokerage
414,DXC,DXC Technology,Information Technology,IT Consulting & Other Services
415,IT,Gartner,Information Technology,IT Consulting & Other Services
416,INFO,IHS Markit,Industrials,Research & Consulting Services
417,ALGN,Align Technology,Health Care,Health Care Supplies
418,ANSS,Ansys,Information Technology,Application Software
419,RE,Everest Re,Financials,Reinsurance
420,HLT,Hilton Worldwide,Consumer Discretionary,"Hotels, Resorts & Cruise Lines"
421,BKR,Baker Hughes,Energy,Oil & Gas Equipment & Services
422,AOS,A. O. Smith,Industrials,Building Products
423,DRE,Duke Realty,Real Estate,Industrial REITs
424,MGM,MGM Resorts International,Consumer Discretionary,Casinos & Gaming
425,PKG,Packaging Corporation of America,Materials,Paper Packaging
426,RMD,ResMed,Health Care,Health Care Equipment
427,IQV,IQVIA,Health Care,Life Sciences Tools & Services
428,SBAC,SBA Communications,Real Estate,Specialized REITs
429,CDNS,Cadence Design Systems,Information Technology,Application Software
430,NCLH,Norwegian Cruise Line Holdings,Consumer Discretionary,"Hotels, Resorts & Cruise Lines"
431,HII,Huntington Ingalls Industries,Industrials,Aerospace & Defense
432,IPGP,IPG Photonics,Information Technology,Electronic Manufacturing Services
433,SIVB,SVB Financial,Financials,Regional Banks
434,TTWO,Take-Two Interactive,Communication Services,Interactive Home Entertainment
435,MSCI,MSCI,Financials,Financial Exchanges & Data
436,ABMD,Abiomed,Health Care,Health Care Equipment
437,EVRG,Evergy,Utilities,Electric Utilities
438,TWTR,Twitter,Communication Services,Interactive Media & Services
439,BR,Broadridge,Information Technology,Data Processing & Outsourced Services
440,FLT,Fleetcor,Information Technology,Data Processing & Outsourced Services
441,CPRT,Copart,Industrials,Diversified Support Services
442,ANET,Arista,Information Technology,Communications Equipment
443,ROL,Rollins,Industrials,Environmental & Facilities Services
444,FTNT,Fortinet,Information Technology,Systems Software
445,KEYS,Keysight Technologies,Information Technology,Electronic Equipment & Instruments
446,JKHY,Jack Henry & Associates,Information Technology,Data Processing & Outsourced Services
447,FANG,Diamondback Energy,Energy,Oil & Gas Exploration & Production
448,LW,Lamb Weston,Consumer Staples,Packaged Foods & Meats
449,CE,Celanese,Materials,Specialty Chemicals
450,FRC,First Republic Bank,Financials,Regional Banks
451,TFX,Teleflex,Health Care,Health Care Equipment
452,ATO,Atmos Energy,Utilities,Gas Utilities
453,WAB,Wabtec,Industrials,Construction Machinery & Heavy Trucks
454,DOW,Dow,Materials,Commodity Chemicals
455,DD,DuPont,Materials,Specialty Chemicals
456,CTVA,Corteva,Materials,Fertilizers & Agricultural Chemicals
457,AMCR,Amcor,Materials,Paper Packaging
458,MKTX,MarketAxess,Financials,Financial Exchanges & Data
459,TMUS,T-Mobile US,Communication Services,Wireless Telecommunication Services
460,IEX,IDEX Corporation,Industrials,Industrial Machinery
461,LDOS,Leidos,Industrials,Diversified Support Services
462,CDW,CDW,Information Technology,Technology Distributors
463,NVR,NVR,Consumer Discretionary,Homebuilding
464,LVS,Las Vegas Sands,Consumer Discretionary,Casinos & Gaming
465,NOW,ServiceNow,Information Technology,Systems Software
466,WRB,W. R. Berkley Corporation,Financials,Property & Casualty Insurance
467,ODFL,Old Dominion Freight Line,Industrials,Trucking
468,LYV,Live Nation Entertainment,Communication Services,Movies & Entertainment
469,STE,Steris,Health Care,Health Care Equipment
470,ZBRA,Zebra Technologies,Information Technology,Electronic Equipment & Instruments
471,PAYC,Paycom,Information Technology,Application Software
472,IR,Ingersoll Rand,Industrials,Industrial Machinery
473,CARR,Carrier Global,Industrials,Building Products
474,OTIS,Otis Worldwide,Industrials,Industrial Machinery
475,DXCM,DexCom,Health Care,Health Care Equipment
476,DPZ,Domino's Pizza,Consumer Discretionary,Restaurants
477,WST,West Pharmaceutical Services,Health Care,Health Care Supplies
478,BIO,Bio-Rad,Health Care,Life Sciences Tools & Services
479,TDY,Teledyne Technologies,Industrials,Aerospace & Defense
480,TYL,Tyler Technologies,Information Technology,Application Software
481,CTLT,Catalent,Health Care,Pharmaceuticals
482,ETSY,Etsy,Consumer Discretionary,Internet & Direct Marketing Retail
483,TER,Teradyne,Information Technology,Semiconductor Equipment
484,POOL,Pool Corporation,Consumer Discretionary,Distributors
485,TSLA,Tesla,Consumer Discretionary,Automobile Manufacturers
486,ENPH,Enphase Energy,Information Technology,Electronic Components
487,TRMB,Trimble,Information Technology,Electronic Equipment & Instruments
488,MPWR,Monolithic Power Systems,Information Technology,Semiconductors
489,CZR,Caesars Entertainment,Consumer Discretionary,Casinos & Gaming
490,GNRC,Generac Holdings,Industrials,Electrical Components & Equipment
491,NXPI,NXP,Information Technology,Semiconductors
492,PENN,Penn National Gaming,Consumer Discretionary,Casinos & Gaming
493,PTC,PTC,Information Technology,Application Software
494,CRL,Charles River,Health Care,Life Sciences Tools & Services
495,OGN,Organon & Co.,Health Care,Pharmaceuticals
496,MRNA,Moderna,Health Care,Biotechnology
497,TECH,Bio-Techne,Health Care,Life Sciences Tools & Services
498,BRO,Brown & Brown,Financials,Insurance Brokers
499,CDAY,Ceridian,Information Technology,Application Software
500,MTCH,Match Group,Communication Services,Interactive Media & Services
501,EPAM,EPAM Systems,Information Technology,IT Consulting & Other Services
502,FDS,FactSet,Financials,Financial Exchanges & Data
503,SBNY,Signature Bank,Financials,Regional Banks
504,SEDG,SolarEdge,Information Technology,Semiconductor Equipment
